error_code,error_message,probable_cause,solution,category,sub_category
1,RAM error,"A RAM on the LPR card is faulty.","Replace the LPR card (Model No. KX-TDA0196).",LPR (Optional Service Card with Local Processor) Initial Self Diagnosis,
2,Program ROM checksum error,"The program ROM on the LPR card is faulty.","Replace the LPR card (Model No. KX-TDA0196).",LPR (Optional Service Card with Local Processor) Initial Self Diagnosis,
10,MPR-LPR communication error,"The LPR card is not installed correctly.","Install the LPR card correctly.",MPR Self Diagnosis,
10,MPR-LPR communication error,"The LPR card is faulty.","Replace the LPR card.",MPR Self Diagnosis,
10,MPR-LPR communication error,"The main processing (MPR) card is faulty.","Replace the MPR card.",MPR Self Diagnosis,
11,LPR card system data file error,"The contents of the flash memory on the LPR card have been damaged.","Replace the LPR card.",MPR Self Diagnosis,
11,LPR card system data file error,"The PBX is faulty.","Consult your certified dealer.",MPR Self Diagnosis,
20,LPR card detection error,"The LPR card is not connected to the MPR card.","Connect the LPR card to the MPR card.",MPR detects LPR error,
20,LPR card detection error,"The LPR card is faulty.","Replace the LPR card.",MPR detects LPR error,
20,LPR card detection error,"The MPR card is faulty.","Replace the MPR card.",MPR detects LPR error,
31,Abnormal CTI protocol sequence error,"An incorrect CTI protocol sequence was sent from the CTI server.","Check the CTI server settings.",MPR detects LPR error,
32,CTI link disconnection error,"The CTI link has been disconnected.","Confirm that the Ethernet cable is connected correctly.",MPR detects LPR error,
33,CTI link connection error,"The CTI link cannot be established.","Confirm that the Ethernet cable is connected correctly.",MPR detects LPR error,
33,CTI link connection error,"The IP address of the PBX is incorrect.","Check the IP address of the PBX.",MPR detects LPR error,
33,CTI link connection error,"The IP address of the CTI server is incorrect.","Check the IP address of the CTI server.",MPR detects LPR error,
100,Emergency call error,"An emergency call was made.","For your information only.",System Initialisation,
101,System data file error,"The contents of the flash memory have been damaged.","Initialise the system data.",System Initialisation,
102,Main processing (MPR) card error,"The main processing (MPR) card is faulty.","Replace the MPR card.",System Initialisation,
103,Expansion shelf communication error,"Communication between the basic shelf and expansion shelves is not possible.","Check the shelf connection cable.",System Initialisation,
104,Abnormal SD card error,"The SD memory card may be damaged.","Replace the SD memory card.",System Initialisation,
105,SD card access error,"The SD memory card could not be found.","Install an SD memory card.",System Initialisation,
106,No SD card error,"An SD memory card is not installed.","Install an SD memory card.",System Initialisation,
107,SD card write error,"The SD memory card is write-protected.","Disable write-protection on the SD memory card.",System Initialisation,
108,SD card type error,"An unsupported SD memory card is installed.","Install a supported SD memory card.",System Initialisation,
109,Power failure,"A power failure occurred.","For your information only.",System Initialisation,
110,System data save error,"The system could not save the system data.","Retry saving the system data.",System Initialisation,
111,Abnormal extension connection,"The type of an extension which is connected to the PBX is different from the type specified in system programming.","Connect an extension of the type specified in system programming, or change the extension type in system programming.",System Initialisation,
112,Battery error,"The system backup battery is weak.","Replace the batteries on the MPR card.",System Initialisation,
113,No optional service card error,"An optional service card is not installed.","For your information only.",System Initialisation,
114,Optional service card self-diagnosis error,"An optional service card is faulty.","Replace the faulty optional service card.",System Initialisation,
115,License file error,"The license file is incorrect.","Install the correct license file.",System Initialisation,
116,Activation key file error,"The activation key file is incorrect.","Install the correct activation key file.",System Initialisation,
117,No activation key file error,"The activation key file is not found.","Install the activation key file.",System Initialisation,
120,Software version mismatch,"The software version of the MPR card is different from the software version of a card in an expansion shelf.","Install cards with the correct software version.",System Initialisation,
121,Hardware version mismatch,"The hardware version of a card is incorrect.","Install a card with the correct hardware version.",System Initialisation,
122,DSP resource size mismatch,"The DSP resource size does not match the size set in system programming.","For your information only. The size set in system programming will be used.",System Initialisation,
123,Card detection error,"A card cannot be detected by the system.","Replace the faulty card.",System Initialisation,
200,Date and time not set,"The date and time have not been set.","Set the date and time.",During Operation,
201,Forced CO disconnection,"A CO line call was forcibly disconnected because it exceeded the time specified in system programming.","For your information only.",During Operation,
202,System alarm,"An alarm connected to the PBX has been activated.","For your information only.",During Operation,
203,External sensor alarm,"An external sensor connected to the PBX has been activated.","For your information only.",During Operation,
204,External relay activation,"An external relay connected to the PBX has been activated.","For your information only.",During Operation,
205,External relay deactivation,"An external relay connected to the PBX has been deactivated.","For your information only.",During Operation,
206,Doorphone activation,"A doorphone connected to the PBX has been activated.","For your information only.",During Operation,
207,Door open activation,"A door opener connected to the PBX has been activated.","For your information only.",During Operation,
208,DISA security code violation,"An attempt was made to access the system using an incorrect DISA security code.","For your information only.",During Operation,
209,No password DISA security violation,"An attempt was made to access a password-protected feature without entering a password.","For your information only.",During Operation,
210,Absent message not cleared,"An outgoing message (OGM) was not cleared by the subscriber.","For your information only.",During Operation,
211,DDI call to non-existent extension,"A DDI call was made to an extension number that does not exist.","For your information only.",During Operation,
212,DDI call to unassigned DDI extension,"A DDI call was made to an extension that is not in the DDI call distribution group.","For your information only.",During Operation,
213,MSN call to non-existent extension,"An MSN call was made to an extension number that does not exist.","For your information only.",During Operation,
214,MSN call to unassigned MSN extension,"An MSN call was made to an extension that is not in the MSN call distribution group.","For your information only.",During Operation,
215,Intercept routing—no destination,"A call was intercepted, but no intercept destination is programmed.","For your information only.",During Operation,
216,Intercept routing—DDI/MSN no destination,"A DDI/MSN call was intercepted, but no intercept destination is programmed.","For your information only.",During Operation,
217,Intercept routing—trunk access denied,"A call was intercepted to an extension that does not have trunk access.","For your information only.",During Operation,
218,Intercept routing—Toll/TRS check denied,"A call was intercepted, but was denied by Toll Restriction/TRS.","For your information only.",During Operation,
219,Call barred,"The call was barred.","For your information only.",During Operation,
220,Extension lock-out,"The extension is locked.","For your information only.",During Operation,
221,ISDN cause information,"The ISDN cause information could not be received.","For your information only.",During Operation,
222,System speed dial error—no number assigned,"A system speed dialling number that has no telephone number assigned to it was dialled.","For your information only.",During Operation,
223,No idle trunk available,"All trunks are busy.","For your information only.",During Operation,
224,DISA no answer from extension,"A DISA call was not answered by the extension.","For your information only.",During Operation,
225,Call pickup denied,"Call pickup was denied.","For your information only.",During Operation,
226,Walking COS—dial tone loss,"Dial tone was lost while using Walking COS.","For your information only.",During Operation,
227,Walking COS—TRS violation,"The dialled number was prohibited by TRS while using Walking COS.","For your information only.",During Operation,
228,CO-CO line connection timeout,"A CO-CO line call was disconnected due to timeout.","For your information only.",During Operation,
229,Recorded message error,"The recorded message could not be played.","For your information only.",During Operation,
230,Voicemail port full,"All voicemail ports are busy.","For your information only.",During Operation,
231,Hotel/Motel—check-in error,"A check-in error occurred.","For your information only.",During Operation,
232,Hotel/Motel—check-out error,"A check-out error occurred.","For your information only.",During Operation,
233,Hotel/Motel—wake-up call error,"A wake-up call error occurred.","For your information only.",During Operation,
234,VM-DIAL timeout,"Voicemail DTMF dialling timeout occurred.","For your information only.",During Operation,
235,T1/E1/BRI trunk error,"A T1/E1/BRI trunk error occurred.","Replace the faulty card.",During Operation,
236,QSIG feature not available,"The QSIG feature is not available.","For your information only.",During Operation,
237,Trunk connection error,"A trunk could not be connected.","For your information only.",During Operation,
238,Call Log entry full,"The Call Log is full.","For your information only.",During Operation,
239,Destination extension busy,"The destination extension is busy.","For your information only.",During Operation,
240,Paging group busy,"The paging group is busy.","For your information only.",During Operation,
241,Trunk group busy,"The trunk group is busy.","For your information only.",During Operation,
242,UM group busy,"The UM group is busy.","For your information only.",During Operation,
243,Trunk access barred from extension,"The extension is barred from accessing the trunk.","For your information only.",During Operation,
244,System data security error,"The system data is password-protected.","For your information only.",During Operation,
245,Remote maintenance—modem access error,"Modem access from a remote location was attempted, but failed.","For your information only.",During Operation,
246,Remote maintenance—password error,"An incorrect password was entered for remote maintenance.","For your information only.",During Operation,
247,Remote maintenance—system ID error,"An incorrect system ID was entered for remote maintenance.","For your information only.",During Operation,
248,Time service—no answer,"There was no answer during a time service call.","For your information only.",During Operation,
249,Time service—call failed,"The time service call failed.","For your information only.",During Operation,
250,Wireless system—registration failed,"Registration of the wireless system failed.","For your information only.",During Operation,
251,Wireless system—out of range,"The wireless system is out of range.","For your information only.",During Operation,
252,Wireless system—busy,"The wireless system is busy.","For your information only.",During Operation,
253,Wireless system—access denied,"Access to the wireless system was denied.","For your information only.",During Operation,
254,Wireless system—power off,"The wireless system is powered off.","For your information only.",During Operation,
300,Alarm information,"An alarm occurred.","For your information only.",Information,
301,Alarm recovery information,"An alarm recovery was performed.","For your information only.",Information,
302,Trunk alarm information,"A trunk alarm occurred.","For your information only.",Information,
303,Trunk alarm recovery information,"A trunk alarm recovery was performed.","For your information only.",Information,
304,Card removal information,"A card was removed.","For your information only.",Information,
305,Card insertion information,"A card was inserted.","For your information only.",Information,
306,System restart information,"The system was restarted.","For your information only.",Information,
307,Time change information,"The time was changed.","For your information only.",Information,
308,Toll/TRS programme change information,"The Toll/TRS programme was changed.","For your information only.",Information,
309,System speed dial programme change information,"The system speed dial programme was changed.","For your information only.",Information,
310,Extension data programme change information,"The extension data programme was changed.","For your information only.",Information,
311,System data programme change information,"The system data programme was changed.","For your information only.",Information,
312,Password change information,"The password was changed.","For your information only.",Information,
313,Programme mode entry information,"Programme mode was entered.","For your information only.",Information,
314,Programme mode exit information,"Programme mode was exited.","For your information only.",Information,
315,AC power failure information,"An AC power failure occurred.","For your information only.",Information,
316,AC power recovery information,"AC power was recovered.","For your information only.",Information,
317,Battery empty information,"The backup battery is empty.","For your information only.",Information,
318,Battery charge start information,"The backup battery has started charging.","For your information only.",Information,
319,Forced line release information,"A line was forcibly released.","For your information only.",Information,
320,T1/E1/BRI trunk port error,"A T1/E1/BRI trunk port error occurred.","For your information only.",Information,
321,T1/E1/BRI trunk port recovery,"A T1/E1/BRI trunk port was recovered.","For your information only.",Information,
322,IP telephone registration failed,"Registration of an IP telephone failed.","For your information only.",Information,
323,IP telephone deregistration,"An IP telephone was deregistered.","For your information only.",Information,
324,IP telephone registration,"An IP telephone was registered.","For your information only.",Information,
325,Extension password change,"The extension password was changed.","For your information only.",Information,
326,SMDR buffer overflow,"The SMDR buffer is full.","For your information only.",Information,
327,Unused activation key deletion,"An unused activation key was deleted.","For your information only.",Information,
328,Hotel/Motel—wake-up call answer,"A wake-up call was answered.","For your information only.",Information,
329,Hotel/Motel—wake-up call no answer,"A wake-up call was not answered.","For your information only.",Information,
330,IP card resource exhausted,"All IP card resources are in use.","For your information only.",Information,
331,Incorrect PIN,"An incorrect PIN was entered.","For your information only.",Information,